*,KinGroup v1_040720 [RESULTS].
*,FILE [examples\kingroup_6g\kingroup_results_dr.csv]. Saved [16:03  Mon Jul 26 2004].
*,File format [KINSHIP]. Column delimiter [Comma]. Allele delimiter [/].
*,Population was IMPORTED from [examples\kingroup_6g\kingroup_6g_input.csv] with [16] individuals.
*
*,Kin Groups
*, Settings for primary hypothesis:
*, Rm ,0.5
*, Rp ,1.0
*, Settings for null hypothesis:
*, From Rm ,0.0,  Rp ,0.0, Search intervals
*,   To Rm ,0.375,  Rp ,0.0,1
*, Rp ,0.0
*,
*,Group: ,g12
*,#,1
*,L[i]/L[1],0
*,1,[1]
*,2,[2]
*,3,[1]
*,4,[2]
*,5,[1]
*,6,[2]
*,
*,Group: ,g345
*,#,1,2
*,L[i]/L[1],0,-0.498
*,1,[1],[1]
*,2,[2],[2]
*,3,[3],[2]
*,4,[1],[1]
*,5,[2],[3]
*,6,[3],[2]
*,
*,Group: ,g6
*,#,1
*,L[i]/L[1],0
*,1,[1]
*,2,[1]
*,3,[1]
*,4,[1]
*
*, ACTUAL DATA USED:
*,   FREQUENCIES:
Locus1,Freq,Locus2,Freq,Locus3,Freq
a,0.25,a,0.2,a,0.5
b,0.25,b,0.3,b,0.25
c,0.25,c,0.2,c,0.125
d,0.25,d,0.3,d,0.125
end
*,   POPULATION:
*
*, Group = "g12
GROUP,ID,Locus1,Locus2,Locus3
[1],3,b/d,d/a,c/a
[1],1,b/d,d/a,c/a
[1],5,b/d,d/a,a/a
[2],6,a/a,b/b,a/a
[2],2,a/a,b/b,a/a
[2],4,a/a,d/b,a/a
*
*, Group = "g345
GROUP,ID,Locus1,Locus2,Locus3
[1],4,a/a,d/d,b/a
[1],1,b/a,d/d,a/a
[2],5,a/c,a/d,d/b
[2],2,b/c,a/d,d/b
[3],3,c/b,c/a,b/b
[3],6,c/b,a/a,b/b
*
*, Group = "g6
GROUP,ID,Locus1,Locus2,Locus3
[1],1,a/d,d/a,a/a
[1],2,a/d,b/a,a/a
[1],3,c/d,b/a,a/a
[1],4,c/d,d/a,a/a
