*,KinGroup v1_040720 [RESULTS].
*,FILE [examples\kingroup_6g\kingroup_results_primary.csv]. Saved [15:46  Mon Jul 26 2004].
*,File format [KINSHIP]. Column delimiter [Comma]. Allele delimiter [/].
*,Population was IMPORTED from [examples\kingroup_6g\kingroup_6g_input.csv] with [16] individuals.
*
*, *** PAIRWISE LIKELIHOODS *** Primary
*,    HYPOTHESIS SETTINGS
*, Rm ,0.5
*, Rp ,1.0
*, ** DISPLAY FORMAT **
*, , Format,6,Maximum number of fraction digits
*, ** MATRIX FORMAT ** 
*, , Half matrix
*, Likelihoods
*,ID,1@g12,2@g12,3@g12,4@g12,5@g12,6@g12,1@g345,2@g345,3@g345,4@g345,5@g345,6@g345,1@g6,2@g6,3@g6,4@g6
*,1@g12,-, , , , , , , , , , , , , , , 
*,2@g12,x,-, , , , , , , , , , , , , , 
*,3@g12,4.807E-4,x,-, , , , , , , , , , , , , 
*,4@g12,x,9.888E-5,x,-, , , , , , , , , , , , 
*,5@g12,9.155E-5,x,9.155E-5,x,-, , , , , , , , , , , 
*,6@g12,x,4.285E-4,x,9.888E-5,x,-, , , , , , , , , , 
*,1@g345,1.099E-6,x,1.099E-6,1.978E-5,1.318E-5,x,-, , , , , , , , , 
*,2@g345,x,x,x,x,x,x,x,-, , , , , , , , 
*,3@g345,x,x,x,x,x,x,x,1.831E-6,-, , , , , , , 
*,4@g345,x,x,x,1.648E-5,x,x,1.428E-5,x,x,-, , , , , , 
*,5@g345,x,x,x,x,x,x,x,2.174E-5,1.831E-7,5.493E-7,-, , , , , 
*,6@g345,x,x,x,x,x,x,x,1.831E-6,1.221E-5,x,1.831E-7,-, , , , 
*,1@g6,9.155E-6,x,9.155E-6,1.318E-5,1.099E-4,x,1.318E-5,x,x,2.197E-6,x,x,-, , , 
*,2@g6,1.099E-6,1.318E-5,1.099E-6,1.318E-5,1.318E-5,1.318E-5,x,x,x,x,x,x,1.318E-4,-, , 
*,3@g6,1.099E-6,x,1.099E-6,x,1.318E-5,x,x,x,x,x,x,x,1.318E-5,1.099E-4,-, 
*,4@g6,9.155E-6,x,9.155E-6,x,1.099E-4,x,x,x,x,x,x,x,1.099E-4,1.318E-5,1.318E-4,-
*
*, ACTUAL DATA USED:
*, ALLELE FREQUENCIES
Locus1,Freq,Locus2,Freq,Locus3,Freq
a,0.25,a,0.2,a,0.5
b,0.25,b,0.3,b,0.25
c,0.25,c,0.2,c,0.125
d,0.25,d,0.3,d,0.125
end
*,   POPULATION:
GROUP,ID,Locus1,Locus2,Locus3
g12,1,b/d,d/a,c/a
g12,2,a/a,b/b,a/a
g12,3,b/d,d/a,c/a
g12,4,a/a,d/b,a/a
g12,5,b/d,d/a,a/a
g12,6,a/a,b/b,a/a
g345,1,b/a,d/d,a/a
g345,2,b/c,a/d,d/b
g345,3,c/b,c/a,b/b
g345,4,a/a,d/d,b/a
g345,5,a/c,a/d,d/b
g345,6,c/b,a/a,b/b
g6,1,a/d,d/a,a/a
g6,2,a/d,b/a,a/a
g6,3,c/d,b/a,a/a
g6,4,c/d,d/a,a/a
