Locus1, , Locus2, , Locus3, 
a,0.25, a,0.2, a,0.5
b,0.25, b,0.3, b,0.25
c,0.25, c,0.2, c,0.125
d,0.25, d,0.3, d,0.125
end,,,,,
Nest, ID, Locus1, Locus2, Locus3, ActualGroups
g12,1, b/d, d/a, c/a,1
g12,2, a/a, b/b, a/a,2
g12,3, b/d, d/a, c/a,1
g12,4, a/a, d/b, a/a,2
g12,5, b/d, d/a, a/a,1
g12,6, a/a, b/b, a/a,2
g345_long_name_abc,1, b/a, d/d, a/a,3
g345_long_name_abc,2, b/c, a/d, d/b,4
g345_long_name_abc,3, c/b, c/a, b/b,5
g345_long_name_abc,4, a/a, d/d, b/a,3
g345_long_name_abc,5, a/c, a/d, d/b,4
g345_long_name_abc,6, c/b, a/a, b/b,5
g6,1, a/d, d/a, a/a,6
g6,2, a/d, b/a, a/a,6
g6,3, c/d, b/a, a/a,6
g6,4, c/d, d/a, a/a,6
