*,KinGroup v1_040720 [RESULTS].
*,FILE [examples\kingroup_6g\kingroup_results_ratio_complex.csv]. Saved [15:53  Mon Jul 26 2004].
*,File format [KINSHIP]. Column delimiter [Comma]. Allele delimiter [/].
*,Population was IMPORTED from [examples\kingroup_6g\kingroup_6g_input.csv] with [16] individuals.
*, 
*
*, *** PAIRWISE LIKELIHOOD RATIOS ***
*, Settings for primary hypothesis
*, Rm ,0.5
*, Rp ,1.0
*, Settings for null hypothesis
*, From Rm ,0.0,  Rp ,0.0, Search intervals
*,   To Rm ,0.375,  Rp ,0.0,1
*, Rp ,0.0
*, ** DISPLAY FORMAT **
*, , Log of values
*, , Format,4,Maximum number of fraction digits
*, ** MATRIX FORMAT ** 
*, , Half matrix
*,
*,ID,1@g12,2@g12,3@g12,4@g12,5@g12,6@g12,1@g345,2@g345,3@g345,4@g345,5@g345,6@g345,1@g6,2@g6,3@g6,4@g6
*,1@g12,-, , , , , , , , , , , , , , , 
*,2@g12,x,-, , , , , , , , , , , , , , 
*,3@g12,1.6556,x,-, , , , , , , , , , , , , 
*,4@g12,x,0.8354,x,-, , , , , , , , , , , , 
*,5@g12,0.8283,x,0.8283,x,-, , , , , , , , , , , 
*,6@g12,x,1.5971,x,0.8354,x,-, , , , , , , , , , 
*,1@g345,-0.7782,x,-0.7782,0.0244,-0.1383,x,-, , , , , , , , , 
*,2@g345,x,x,x,x,x,x,x,-, , , , , , , , 
*,3@g345,x,x,x,x,x,x,x,0.1793,-, , , , , , , 
*,4@g345,x,x,x,0.1955,x,x,0.1463,x,x,-, , , , , , 
*,5@g345,x,x,x,x,x,x,x,1.0023,-0.6824,-0.6154,-, , , , , 
*,6@g345,x,x,x,x,x,x,x,0.3255,1.1364,x,-0.5362,-, , , , 
*,1@g6,-0.0334,x,-0.0334,-0.1517,0.6064,x,-0.1383,x,x,-0.6154,x,x,-, , , 
*,2@g6,-0.8451,0.0244,-0.8451,-0.1517,-0.2052,0.0244,x,x,x,x,x,x,0.6564,-, , 
*,3@g6,-0.8451,x,-0.8451,x,-0.2052,x,x,x,x,x,x,x,-0.2052,0.6064,-, 
*,4@g6,-0.0334,x,-0.0334,x,0.6064,x,x,x,x,x,x,x,0.6064,-0.2052,0.6564,-
*
*, ACTUAL DATA USED:
*, ALLELE FREQUENCIES
Locus1,Freq,Locus2,Freq,Locus3,Freq
a,0.25,a,0.2,a,0.5
b,0.25,b,0.3,b,0.25
c,0.25,c,0.2,c,0.125
d,0.25,d,0.3,d,0.125
end
*,   POPULATION:
GROUP,ID,Locus1,Locus2,Locus3
g12,1,b/d,d/a,c/a
g12,2,a/a,b/b,a/a
g12,3,b/d,d/a,c/a
g12,4,a/a,d/b,a/a
g12,5,b/d,d/a,a/a
g12,6,a/a,b/b,a/a
g345,1,b/a,d/d,a/a
g345,2,b/c,a/d,d/b
g345,3,c/b,c/a,b/b
g345,4,a/a,d/d,b/a
g345,5,a/c,a/d,d/b
g345,6,c/b,a/a,b/b
g6,1,a/d,d/a,a/a
g6,2,a/d,b/a,a/a
g6,3,c/d,b/a,a/a
g6,4,c/d,d/a,a/a
