*, RESULTS:
*, 
*, FILE  C:\dev\kingroup_project\kingroup\examples\03_kinship_calc_freqs\freq_bias.csv
*, Input file format: KINSHIP
*,  column delimiter: Comma
*,  allele delimiter: /
*, Saved: 14:44  Fri Jul 2 2004
*, Last imported file: C:\dev\kingroup_project\kingroup\examples\03_kinship_calc_freqs\input_freq_test.csv
*, 
*, Population contains: 6 individuals.
*, 
*
*, *** PAIRWISE LIKELIHOOD RATIOS ***
*, Settings for primary hypothesis
*, Rm ,0.5
*, Rp ,0.5
*, Settings for null hypothesis
*, Rm ,0.0
*, Rp ,0.0
*, ** DISPLAY FORMAT **
*, , Log of values
*, , By group
*, , Format,3,Maximum number of fraction digits
*, ** MATRIX FORMAT ** 
*, , Half matrix
*,
* 
*,Group: ,1
*,ID,fb1,u1,fb2,u2
*,fb1,-, , , 
*,u1,x,-, , 
*,fb2,0.944,x,-, 
*,u2,x,x,x,-
* 
*,Group: ,1b
*,ID,mom,kid
*,mom,-, 
*,kid,x,-
*
*, ACTUAL DATA USED:
*, The following ALLELE FREQUENCIES are calculated from the supplied population.
*, The following FREQUENCIES are NOT used and displayed for information only.
*, Bias correction  why? see Queller DC Goodnight KF (1989) Estimating relatedness using genetic markers. Evolution 43 258-275.
*,                  how? individuals in a given group are excluded from allele frequencies for that group.
*,                  used frequencies are given below for each group.
loc1,Freq,loc2,Freq,loc3,Freq,loc4,Freq,loc5,Freq,loc6,Freq,loc7,Freq
90,0.33333334,fast,0.5833333,big,0.6666667,c,0.25,all1,0.5833333,com,0.75,209,0.25
100,0.5,slow2,0.083333336,small,0.33333334,b,0.33333334,all2,0.41666666,rare,0.25,212,0.5833333
110,0.16666667,slow4,0.25, , ,d,0.083333336, , , , ,206,0.16666667
 , ,slow1,0.083333336, , ,f,0.16666667, , , , , , 
 , , , , , ,a,0.16666667, , , , , , 
end
*
*,   FREQUENCIES used for group:1
*,loc1,Freq,loc2,Freq,loc3,Freq,loc4,Freq,loc5,Freq,loc6,Freq,loc7,Freq
*,90,0.25,fast,0.5,big,0.75,c,0.25,all1,0.5,com,0.25,209,0.25
*,100,0.75,slow2,-0.0,small,0.25,b,0.25,all2,0.5,rare,0.75,212,0.5
*,110,-0.0,slow4,0.25, , ,d,-0.0, , , , ,206,0.25
*, , ,slow1,0.25, , ,f,-0.0, , , , , , 
*, , , , , , ,a,0.5, , , , , , 
*,end
*
*,   FREQUENCIES used for group:1b
*,loc1,Freq,loc2,Freq,loc3,Freq,loc4,Freq,loc5,Freq,loc6,Freq,loc7,Freq
*,90,0.375,fast,0.625,big,0.625,c,0.25,all1,0.625,com,1.0,209,0.25
*,100,0.375,slow2,0.125,small,0.375,b,0.375,all2,0.375,rare,-0.0,212,0.625
*,110,0.25,slow4,0.25, , ,d,0.125, , , , ,206,0.125
*, , ,slow1,-0.0, , ,f,0.25, , , , , , 
*, , , , , , ,a,-0.0, , , , , , 
*,end
*,   POPULATION:
GROUP,ID,loc1,loc2,loc3,loc4,loc5,loc6,loc7
1,fb1,90/100,fast/fast,big/small,c/b,all1/all2,com/com,209/212
1,u1,90/100,slow2/fast,small/big,d/b,all2/all1,com/com,212/212
1,fb2,90/100,fast/slow4,big/big,c/b,all1/all2,com/com,212/206
1,u2,110/110,slow4/fast,small/big,f/f,all1/all1,com/com,212/209
1b,mom,90/100,slow4/fast,big/small,a/b,all1/all2,rare/rare,212/206
1b,kid,100/100,slow1/fast,big/big,a/c,all1/all2,com/rare,212/209
