loc1, , loc2, , loc3, , loc4, , loc5, , loc6, , loc7, , loc8, 
A, 0.1, A, 0.1, A, 0.1, A, 0.1, A, 0.1, A, 0.1, A, 0.1, A, 0.1
B, 0.1, B, 0.1, B, 0.1, B, 0.1, B, 0.1, B, 0.1, B, 0.1, B, 0.1
C, 0.1, C, 0.1, C, 0.1, C, 0.1, C, 0.1, C, 0.1, C, 0.1, C, 0.1
D, 0.1, D, 0.1, D, 0.1, D, 0.1, D, 0.1, D, 0.1, D, 0.1, D, 0.1
E, 0.1, E, 0.1, E, 0.1, E, 0.1, E, 0.1, E, 0.1, E, 0.1, E, 0.1
F, 0.1, F, 0.1, F, 0.1, F, 0.1, F, 0.1, F, 0.1, F, 0.1, F, 0.1
G, 0.1, G, 0.1, G, 0.1, G, 0.1, G, 0.1, G, 0.1, G, 0.1, G, 0.1
H, 0.1, H, 0.1, H, 0.1, H, 0.1, H, 0.1, H, 0.1, H, 0.1, H, 0.1
I, 0.1, I, 0.1, I, 0.1, I, 0.1, I, 0.1, I, 0.1, I, 0.1, I, 0.1
J, 0.1, J, 0.1, J, 0.1, J, 0.1, J, 0.1, J, 0.1, J, 0.1, J, 0.1
end
NEST, ID, loc1, loc2, loc3, loc4, loc5, loc6, loc7, loc8
1, mom1, J/B, H/D, A/E, A/D, G/D, B/D, B/C, B/G
1, mom2, G/A, H/G, A/H, A/A, A/E, F/H, A/E, H/A
1, mom3, B/I, G/E, H/F, G/I, E/H, E/F, D/I, E/I
1, mom4, A/F, D/H, C/H, I/G, C/C, F/A, I/I, A/J
1, daughter1\1, G/J, A/H, C/E, F/D, F/G, H/B, E/C, H/G
1, daughter1\2, G/B, A/H, C/A, F/D, F/G, H/B, E/C, H/B
1, daughter1\3, G/B, A/H, C/A, F/A, F/D, H/B, E/C, H/B
1, daughter1\4, G/J, A/H, C/A, F/D, F/G, H/B, E/B, H/G
1, daughter1\5, G/B, A/H, C/E, F/D, F/D, H/D, E/B, H/G
1, daughter1\6, G/B, A/H, C/E, F/A, F/D, H/B, E/B, H/B
1, daughter1\7, G/J, A/D, C/A, F/D, F/G, H/B, E/C, H/B
1, daughter1\8, G/B, A/D, C/A, F/A, F/D, H/B, E/B, H/G
1, daughter2\1, C/A, C/H, C/A, J/A, H/A, C/F, J/E, A/H
1, daughter2\2, C/A, C/G, C/A, J/A, H/E, C/H, J/E, A/H
1, daughter2\3, C/A, C/G, C/H, J/A, H/E, C/F, J/E, A/A
1, daughter2\4, C/A, C/G, C/H, J/A, H/E, C/H, J/E, A/A
1, daughter2\5, C/G, C/H, C/A, J/A, H/A, C/F, J/E, A/A
1, daughter2\6, C/A, C/G, C/H, J/A, H/A, C/H, J/E, A/H
1, daughter2\7, C/A, C/G, C/H, J/A, H/E, C/F, J/A, A/A
1, daughter2\8, C/A, C/G, C/H, J/A, H/A, C/H, J/A, A/H
1, daughter3\1, E/I, F/G, D/F, E/I, G/E, D/E, C/I, C/I
1, daughter3\2, E/B, F/G, D/F, E/I, G/E, D/F, C/D, C/I
1, daughter3\3, E/I, F/E, D/F, E/G, G/H, D/F, C/D, C/E
1, daughter3\4, E/I, F/E, D/H, E/I, G/E, D/F, C/I, C/I
1, daughter3\5, E/B, F/E, D/H, E/I, G/E, D/F, C/I, C/I
1, daughter3\6, E/B, F/G, D/F, E/I, G/H, D/E, C/D, C/E
1, daughter3\7, E/I, F/G, D/F, E/G, G/E, D/F, C/D, C/I
1, daughter3\8, E/B, F/E, D/H, E/G, G/H, D/E, C/D, C/E
1, daughter4\1, I/F, F/H, G/C, C/I, E/C, D/A, F/I, D/A
1, daughter4\2, I/F, F/H, G/H, C/G, E/C, D/F, F/I, D/A
1, daughter4\3, I/F, F/D, G/H, C/G, E/C, D/A, F/I, D/J
1, daughter4\4, I/F, F/H, G/H, C/G, E/C, D/F, F/I, D/A
1, daughter4\5, I/F, F/H, G/C, C/G, E/C, D/A, F/I, D/J
1, daughter4\6, I/F, F/H, G/C, C/I, E/C, D/F, F/I, D/J
1, daughter4\7, I/A, F/D, G/H, C/I, E/C, D/F, F/I, D/A
1, daughter4\8, I/F, F/D, G/H, C/G, E/C, D/F, F/I, D/A