*,KinGroup v1_040708 [RESULTS].
*,FILE [examples\kingroup_fs\kingroup_5g_10fs_input.csv]. Saved [09:51  Mon Jul 12 2004].
*,File format [KINSHIP]. Column delimiter [Comma]. Allele delimiter [/].
*,Population was GENERATED with [50] individuals.
*
*, ACTUAL DATA USED:
*, ALLELE FREQUENCIES
L1,Freq,L2,Freq,L3,Freq,L4,Freq,L5,Freq,L6,Freq,L7,Freq,L8,Freq,L9,Freq,L10,Freq
a1,0.1,a1,0.1,a1,0.1,a1,0.1,a1,0.1,a1,0.1,a1,0.1,a1,0.1,a1,0.1,a1,0.1
a2,0.1,a2,0.1,a2,0.1,a2,0.1,a2,0.1,a2,0.1,a2,0.1,a2,0.1,a2,0.1,a2,0.1
a3,0.1,a3,0.1,a3,0.1,a3,0.1,a3,0.1,a3,0.1,a3,0.1,a3,0.1,a3,0.1,a3,0.1
a4,0.1,a4,0.1,a4,0.1,a4,0.1,a4,0.1,a4,0.1,a4,0.1,a4,0.1,a4,0.1,a4,0.1
a5,0.1,a5,0.1,a5,0.1,a5,0.1,a5,0.1,a5,0.1,a5,0.1,a5,0.1,a5,0.1,a5,0.1
a6,0.1,a6,0.1,a6,0.1,a6,0.1,a6,0.1,a6,0.1,a6,0.1,a6,0.1,a6,0.1,a6,0.1
a7,0.1,a7,0.1,a7,0.1,a7,0.1,a7,0.1,a7,0.1,a7,0.1,a7,0.1,a7,0.1,a7,0.1
a8,0.1,a8,0.1,a8,0.1,a8,0.1,a8,0.1,a8,0.1,a8,0.1,a8,0.1,a8,0.1,a8,0.1
a9,0.1,a9,0.1,a9,0.1,a9,0.1,a9,0.1,a9,0.1,a9,0.1,a9,0.1,a9,0.1,a9,0.1
a10,0.1,a10,0.1,a10,0.1,a10,0.1,a10,0.1,a10,0.1,a10,0.1,a10,0.1,a10,0.1,a10,0.1
end
*,   POPULATION:
GROUP,ID,L1,L2,L3,L4,L5,L6,L7,L8,L9,L10
g1,fs1,a8/a3,a5/a9,a4/a3,a1/a3,a1/a5,a8/a5,a7/a6,a6/a7,a6/a9,a2/a9
g1,fs2,a6/a3,a7/a9,a4/a3,a1/a3,a1/a2,a9/a5,a9/a9,a6/a7,a6/a9,a3/a7
g1,fs3,a6/a3,a5/a6,a10/a3,a1/a5,a8/a2,a8/a5,a9/a9,a6/a7,a7/a9,a2/a9
g1,fs4,a6/a3,a5/a6,a4/a6,a1/a5,a1/a2,a9/a1,a7/a6,a10/a7,a7/a9,a2/a9
g1,fs5,a6/a6,a7/a6,a10/a6,a1/a5,a8/a5,a8/a5,a7/a6,a10/a9,a7/a8,a2/a9
g1,fs6,a8/a6,a7/a6,a4/a6,a10/a3,a8/a5,a9/a1,a9/a6,a6/a9,a6/a9,a3/a9
g1,fs7,a6/a6,a5/a9,a4/a6,a10/a3,a8/a5,a8/a1,a9/a6,a10/a9,a7/a9,a2/a7
g1,fs8,a6/a3,a7/a6,a4/a3,a1/a5,a8/a5,a8/a5,a7/a9,a10/a9,a6/a9,a3/a7
g1,fs9,a8/a3,a7/a9,a4/a6,a10/a5,a8/a5,a9/a1,a9/a9,a6/a7,a6/a8,a3/a9
g1,fs10,a6/a3,a5/a6,a10/a6,a10/a5,a1/a5,a9/a1,a7/a9,a10/a9,a6/a9,a2/a7
g2,fs1,a5/a5,a4/a2,a2/a9,a4/a1,a7/a3,a8/a3,a1/a6,a9/a9,a2/a8,a8/a2
g2,fs2,a6/a9,a4/a2,a2/a9,a4/a1,a10/a3,a5/a3,a2/a6,a9/a9,a2/a10,a8/a2
g2,fs3,a6/a9,a3/a8,a2/a5,a10/a4,a7/a3,a5/a5,a2/a6,a9/a9,a4/a10,a1/a2
g2,fs4,a6/a9,a3/a8,a2/a9,a4/a4,a10/a10,a5/a3,a1/a2,a9/a9,a4/a10,a1/a2
g2,fs5,a6/a9,a4/a2,a10/a9,a10/a4,a10/a10,a5/a3,a1/a6,a9/a5,a2/a8,a8/a2
g2,fs6,a6/a5,a3/a2,a10/a5,a10/a4,a10/a3,a5/a5,a1/a6,a9/a5,a2/a10,a8/a2
g2,fs7,a5/a5,a4/a2,a2/a5,a10/a1,a10/a3,a5/a3,a2/a6,a9/a9,a2/a8,a8/a2
g2,fs8,a6/a5,a4/a8,a10/a5,a4/a4,a7/a3,a8/a3,a2/a6,a9/a9,a2/a10,a8/a4
g2,fs9,a6/a9,a4/a8,a2/a5,a4/a1,a10/a10,a5/a5,a2/a2,a9/a9,a4/a8,a8/a2
g2,fs10,a6/a9,a4/a2,a10/a5,a10/a4,a7/a3,a5/a5,a1/a6,a9/a5,a4/a8,a1/a4
g3,fs1,a2/a5,a8/a1,a1/a6,a10/a3,a9/a4,a5/a4,a4/a6,a4/a6,a5/a1,a3/a6
g3,fs2,a2/a1,a8/a1,a3/a4,a2/a8,a9/a4,a9/a3,a4/a6,a4/a6,a5/a9,a7/a6
g3,fs3,a5/a1,a7/a1,a3/a4,a2/a3,a9/a4,a5/a4,a3/a7,a8/a10,a1/a1,a7/a6
g3,fs4,a5/a5,a7/a1,a3/a4,a10/a3,a9/a4,a5/a4,a3/a7,a8/a10,a5/a9,a7/a8
g3,fs5,a5/a5,a8/a9,a3/a4,a10/a8,a9/a4,a5/a4,a4/a7,a4/a6,a1/a1,a3/a8
g3,fs6,a2/a1,a7/a9,a1/a4,a10/a8,a7/a4,a9/a3,a3/a7,a4/a10,a1/a9,a3/a6
g3,fs7,a2/a5,a7/a1,a3/a6,a2/a3,a7/a4,a5/a3,a3/a6,a8/a10,a1/a9,a3/a8
g3,fs8,a2/a5,a8/a9,a1/a6,a2/a8,a7/a4,a5/a3,a4/a7,a4/a10,a5/a1,a3/a6
g3,fs9,a2/a5,a7/a1,a1/a6,a2/a8,a9/a4,a5/a3,a4/a7,a8/a6,a1/a1,a7/a6
g3,fs10,a5/a1,a7/a9,a1/a4,a10/a3,a7/a4,a5/a4,a3/a7,a4/a10,a1/a1,a3/a6
g4,fs1,a5/a10,a5/a8,a5/a7,a10/a6,a8/a1,a9/a3,a10/a10,a3/a3,a5/a8,a1/a10
g4,fs2,a10/a10,a5/a8,a5/a7,a10/a5,a8/a2,a3/a8,a10/a5,a1/a3,a5/a10,a5/a10
g4,fs3,a10/a7,a5/a8,a5/a10,a6/a5,a9/a2,a9/a3,a10/a5,a1/a9,a5/a8,a1/a8
g4,fs4,a5/a10,a2/a4,a5/a7,a6/a6,a9/a1,a3/a8,a10/a10,a3/a9,a7/a8,a1/a10
g4,fs5,a5/a10,a2/a4,a5/a10,a10/a5,a9/a1,a3/a3,a2/a10,a1/a3,a7/a10,a5/a10
g4,fs6,a10/a10,a2/a8,a5/a7,a6/a6,a9/a2,a9/a3,a10/a5,a1/a9,a5/a10,a5/a8
g4,fs7,a10/a10,a2/a4,a9/a10,a10/a6,a9/a1,a9/a3,a10/a10,a1/a9,a7/a10,a1/a8
g4,fs8,a5/a10,a2/a8,a9/a7,a10/a5,a8/a2,a9/a8,a10/a10,a3/a9,a7/a8,a5/a8
g4,fs9,a10/a10,a5/a4,a5/a7,a6/a5,a9/a1,a9/a3,a10/a5,a1/a9,a5/a10,a1/a10
g4,fs10,a5/a10,a5/a4,a9/a10,a10/a5,a9/a1,a9/a8,a2/a10,a3/a9,a5/a10,a5/a10
g5,fs1,a5/a5,a1/a4,a2/a9,a4/a3,a3/a4,a6/a5,a8/a1,a1/a8,a6/a7,a2/a3
g5,fs2,a4/a6,a1/a7,a2/a9,a4/a2,a3/a8,a6/a4,a5/a1,a7/a8,a6/a7,a2/a1
g5,fs3,a5/a6,a1/a7,a8/a1,a9/a2,a6/a8,a7/a4,a8/a9,a7/a4,a7/a9,a2/a3
g5,fs4,a4/a5,a2/a7,a2/a1,a9/a2,a3/a8,a7/a5,a5/a1,a1/a4,a6/a9,a2/a1
g5,fs5,a5/a5,a2/a7,a8/a9,a4/a3,a3/a4,a7/a4,a5/a1,a7/a4,a6/a7,a10/a1
g5,fs6,a5/a5,a2/a4,a2/a9,a9/a3,a3/a8,a6/a4,a8/a1,a7/a4,a7/a7,a10/a3
g5,fs7,a5/a6,a1/a7,a8/a1,a4/a2,a3/a4,a7/a5,a5/a1,a7/a4,a7/a7,a10/a3
g5,fs8,a5/a6,a2/a7,a2/a9,a9/a3,a6/a8,a7/a4,a5/a9,a1/a4,a6/a9,a2/a1
g5,fs9,a5/a6,a1/a7,a2/a1,a9/a3,a3/a4,a6/a5,a5/a1,a7/a8,a7/a7,a10/a1
g5,fs10,a5/a5,a1/a4,a2/a9,a4/a3,a3/a4,a6/a5,a8/a1,a7/a8,a6/a9,a10/a3
