*,KinGroup v1_040708 [RESULTS].
*,FILE [examples\kingroup_fs\kingroup_2fs_results_ed_us.csv]. Saved [12:33  Fri Jul 9 2004].
*,File format [KINSHIP]. Column delimiter [Comma]. Allele delimiter [/].
*,Population was IMPORTED from [examples\kingroup_fs\kingroup_2fs_input.csv] with [3] individuals.
*
*,Kin Groups
*, Settings for primary hypothesis:
*, Rm ,0.5
*, Rp ,0.5
*, Settings for null hypothesis:
*, From Rm ,0.0,  Rp ,0.0, Search intervals
*,   To Rm ,1.0,  Rp ,0.0,1
*, Rp ,0.0
*,
*,#,1,2,3,4,5
*,L[i]/L[1],0,-1.772,-2.654,-3.176,-4.067
*,up2@pg1,[1],[1],[1],[1],[1]
*,fs1@g1,[2],[2],[2],[1],[1]
*,fs2@g1,[2],[3],[1],[1],[2]
*
*, ACTUAL DATA USED:
*,   FREQUENCIES:
L1,Freq,L2,Freq,L3,Freq,L4,Freq,L5,Freq,L6,Freq,L7,Freq,L8,Freq,L9,Freq,L10,Freq
a1,0.1,a1,0.1,a1,0.1,a1,0.1,a1,0.1,a1,0.1,a1,0.1,a1,0.1,a1,0.1,a1,0.1
a2,0.1,a2,0.1,a2,0.1,a2,0.1,a2,0.1,a2,0.1,a2,0.1,a2,0.1,a2,0.1,a2,0.1
a3,0.1,a3,0.1,a3,0.1,a3,0.1,a3,0.1,a3,0.1,a3,0.1,a3,0.1,a3,0.1,a3,0.1
a4,0.1,a4,0.1,a4,0.1,a4,0.1,a4,0.1,a4,0.1,a4,0.1,a4,0.1,a4,0.1,a4,0.1
a5,0.1,a5,0.1,a5,0.1,a5,0.1,a5,0.1,a5,0.1,a5,0.1,a5,0.1,a5,0.1,a5,0.1
a6,0.1,a6,0.1,a6,0.1,a6,0.1,a6,0.1,a6,0.1,a6,0.1,a6,0.1,a6,0.1,a6,0.1
a7,0.1,a7,0.1,a7,0.1,a7,0.1,a7,0.1,a7,0.1,a7,0.1,a7,0.1,a7,0.1,a7,0.1
a8,0.1,a8,0.1,a8,0.1,a8,0.1,a8,0.1,a8,0.1,a8,0.1,a8,0.1,a8,0.1,a8,0.1
a9,0.1,a9,0.1,a9,0.1,a9,0.1,a9,0.1,a9,0.1,a9,0.1,a9,0.1,a9,0.1,a9,0.1
a10,0.1,a10,0.1,a10,0.1,a10,0.1,a10,0.1,a10,0.1,a10,0.1,a10,0.1,a10,0.1,a10,0.1
end
*,   POPULATION:
*, Ordered by new group ids
GROUP,ID,L1,L2,L3,L4,L5,L6,L7,L8,L9,L10
[1],up2,a4/a5,a2/a1,a1/a5,a3/a2,a4/a6,a8/a7,a5/a1,a1/a8,a6/a3,a6/a5
[2],fs1,a7/a5,a7/a2,a7/a1,a2/a2,a7/a4,a8/a8,a7/a5,a7/a8,a4/a6,a10/a6
[2],fs2,a6/a5,a7/a1,a7/a5,a2/a3,a6/a6,a8/a8,a4/a1,a2/a8,a4/a3,a6/a5
