*,KinGroup v1_040708 [RESULTS].
*,FILE [examples\kingroup_fs\kingroup_2g_8fs_results.csv]. Saved [09:17  Mon Jul 12 2004].
*,File format [KINSHIP]. Column delimiter [Comma]. Allele delimiter [/].
*,Population was IMPORTED from [examples\kingroup_fs\kingroup_2g_8fs_input.csv] with [20] individuals.
*
*,Kin Groups
*, Settings for primary hypothesis:
*, Rm ,0.5
*, Rp ,0.5
*, Settings for null hypothesis:
*, From Rm ,0.0,  Rp ,0.0, Search intervals
*,   To Rm ,1.0,  Rp ,0.0,1
*, Rp ,0.0
*,
*,#,1
*,L[i]/L[1],0
*,up1@pg1,[1]
*,up2@pg1,[2]
*,fs1@g1,[3]
*,fs2@g1,[3]
*,fs3@g1,[3]
*,fs4@g1,[3]
*,fs5@g1,[3]
*,fs6@g1,[3]
*,fs7@g1,[3]
*,fs8@g1,[3]
*,up1@pg2,[4]
*,up2@pg2,[5]
*,fs1@g2,[6]
*,fs2@g2,[6]
*,fs3@g2,[6]
*,fs4@g2,[6]
*,fs5@g2,[6]
*,fs6@g2,[6]
*,fs7@g2,[6]
*,fs8@g2,[6]
*
*, ACTUAL DATA USED:
*,   FREQUENCIES:
L1,Freq,L2,Freq,L3,Freq,L4,Freq,L5,Freq,L6,Freq,L7,Freq,L8,Freq,L9,Freq,L10,Freq
a1,0.1,a1,0.1,a1,0.1,a1,0.1,a1,0.1,a1,0.1,a1,0.1,a1,0.1,a1,0.1,a1,0.1
a2,0.1,a2,0.1,a2,0.1,a2,0.1,a2,0.1,a2,0.1,a2,0.1,a2,0.1,a2,0.1,a2,0.1
a3,0.1,a3,0.1,a3,0.1,a3,0.1,a3,0.1,a3,0.1,a3,0.1,a3,0.1,a3,0.1,a3,0.1
a4,0.1,a4,0.1,a4,0.1,a4,0.1,a4,0.1,a4,0.1,a4,0.1,a4,0.1,a4,0.1,a4,0.1
a5,0.1,a5,0.1,a5,0.1,a5,0.1,a5,0.1,a5,0.1,a5,0.1,a5,0.1,a5,0.1,a5,0.1
a6,0.1,a6,0.1,a6,0.1,a6,0.1,a6,0.1,a6,0.1,a6,0.1,a6,0.1,a6,0.1,a6,0.1
a7,0.1,a7,0.1,a7,0.1,a7,0.1,a7,0.1,a7,0.1,a7,0.1,a7,0.1,a7,0.1,a7,0.1
a8,0.1,a8,0.1,a8,0.1,a8,0.1,a8,0.1,a8,0.1,a8,0.1,a8,0.1,a8,0.1,a8,0.1
a9,0.1,a9,0.1,a9,0.1,a9,0.1,a9,0.1,a9,0.1,a9,0.1,a9,0.1,a9,0.1,a9,0.1
a10,0.1,a10,0.1,a10,0.1,a10,0.1,a10,0.1,a10,0.1,a10,0.1,a10,0.1,a10,0.1,a10,0.1
end
*,   POPULATION:
*, Ordered by new group ids
GROUP,ID,L1,L2,L3,L4,L5,L6,L7,L8,L9,L10
[1],up1,a1/a3,a10/a1,a8/a6,a3/a9,a5/a9,a4/a1,a4/a1,a1/a9,a8/a5,a2/a2
[2],up2,a1/a4,a7/a8,a7/a7,a8/a3,a10/a10,a5/a4,a3/a10,a6/a5,a1/a4,a7/a3
[3],fs3,a1/a1,a1/a8,a8/a7,a9/a3,a9/a10,a1/a4,a4/a10,a9/a5,a5/a1,a2/a3
[3],fs1,a1/a1,a10/a7,a8/a7,a9/a3,a9/a10,a1/a5,a4/a10,a9/a5,a5/a4,a2/a3
[3],fs8,a1/a1,a10/a7,a8/a7,a9/a8,a5/a10,a1/a4,a1/a10,a9/a6,a5/a1,a2/a7
[3],fs6,a1/a1,a1/a8,a6/a7,a9/a3,a9/a10,a4/a5,a1/a10,a9/a6,a5/a1,a2/a7
[3],fs5,a1/a4,a10/a8,a6/a7,a9/a8,a5/a10,a4/a5,a1/a3,a1/a5,a5/a1,a2/a3
[3],fs7,a3/a4,a10/a7,a6/a7,a9/a8,a9/a10,a1/a5,a4/a3,a1/a5,a8/a4,a2/a3
[3],fs4,a3/a1,a1/a7,a6/a7,a9/a8,a9/a10,a4/a4,a4/a10,a9/a6,a5/a1,a2/a7
[3],fs2,a1/a1,a10/a8,a8/a7,a3/a8,a5/a10,a1/a5,a4/a10,a9/a5,a8/a1,a2/a3
[4],up1,a9/a5,a8/a8,a9/a1,a8/a2,a6/a6,a2/a10,a1/a4,a9/a3,a5/a9,a4/a3
[5],up2,a9/a6,a6/a2,a5/a4,a4/a8,a7/a1,a9/a8,a10/a6,a3/a6,a9/a4,a2/a10
[6],fs5,a5/a6,a8/a2,a9/a4,a8/a4,a6/a7,a2/a9,a4/a6,a9/a3,a9/a9,a3/a2
[6],fs7,a9/a6,a8/a2,a9/a4,a8/a8,a6/a7,a10/a8,a4/a6,a9/a3,a9/a4,a3/a2
[6],fs6,a9/a6,a8/a2,a9/a4,a2/a8,a6/a1,a2/a8,a4/a6,a3/a3,a9/a4,a3/a2
[6],fs3,a9/a9,a8/a2,a1/a4,a8/a8,a6/a1,a10/a9,a1/a6,a3/a3,a9/a4,a3/a2
[6],fs1,a5/a9,a8/a2,a1/a4,a2/a8,a6/a1,a2/a9,a4/a10,a9/a3,a5/a9,a3/a10
[6],fs2,a5/a9,a8/a2,a9/a5,a8/a4,a6/a1,a2/a9,a1/a10,a9/a6,a9/a4,a3/a10
[6],fs8,a9/a6,a8/a6,a1/a5,a2/a8,a6/a1,a2/a8,a4/a6,a9/a3,a5/a4,a4/a10
[6],fs4,a5/a6,a8/a6,a1/a5,a8/a4,a6/a7,a2/a9,a4/a10,a3/a6,a5/a4,a3/a2
