* HAPLODIPLOIDS,,,,,,,,,,,,,,,
* 4 unrelated mothers (mom1 to mom4) ,,,,,,,,,,,,,,,
* their mates (dad1 to dad4),,,,,,,,,,,,,,,
* 8 daughters from each mother (e.g. daughter1/1 to daughter1/8 are the offspring of mom1 + dad1),,,,,,,,,,,,,,,
* 3 males mated to 3 of the daughters of the first mother (mate1 to 3),,,,,,,,,,,,,,,
* and 3 sets of 8 daughters from these second matings ,,,,,,,,,,,,,,,
* (e.g. daughter1/1/1 to daughter 1/1/8 are the offspring of daughter1/1 + mate1).,,,,,,,,,,,,,,,
loc1, , loc2, , loc3, , loc4, , loc5, , loc6, , loc7, , loc8, 
A,0.1, A,0.1, A,0.1, A,0.1, A,0.1, A,0.1, A,0.1, A,0.1
B,0.1, B,0.1, B,0.1, B,0.1, B,0.1, B,0.1, B,0.1, B,0.1
C,0.1, C,0.1, C,0.1, C,0.1, C,0.1, C,0.1, C,0.1, C,0.1
D,0.1, D,0.1, D,0.1, D,0.1, D,0.1, D,0.1, D,0.1, D,0.1
E,0.1, E,0.1, E,0.1, E,0.1, E,0.1, E,0.1, E,0.1, E,0.1
F,0.1, F,0.1, F,0.1, F,0.1, F,0.1, F,0.1, F,0.1, F,0.1
G,0.1, G,0.1, G,0.1, G,0.1, G,0.1, G,0.1, G,0.1, G,0.1
H,0.1, H,0.1, H,0.1, H,0.1, H,0.1, H,0.1, H,0.1, H,0.1
I,0.1, I,0.1, I,0.1, I,0.1, I,0.1, I,0.1, I,0.1, I,0.1
J,0.1, J,0.1, J,0.1, J,0.1, J,0.1, J,0.1, J,0.1, J,0.1
end ,,,,,,,,,,,,,,,
NEST, ID, loc1, loc2, loc3, loc4, loc5, loc6, loc7, loc8,,,,,,
1, mom1, J/B, H/D, A/E, A/D, G/D, B/D, B/C, B/G,,,,,,
1, mom2, G/A, H/G, A/H, A/A, A/E, F/H, A/E, H/A,,,,,,
1, mom3, B/I, G/E, H/F, G/I, E/H, E/F, D/I, E/I,,,,,,
1, mom4, A/F, D/H, C/H, I/G, C/C, F/A, I/I, A/J,,,,,,
3, dad1, G, A, C, F, F, H, E, H,,,,,,
4, dad2, C, C, C, J, H, C, J, A,,,,,,
5, dad3, E, F, D, E, G, D, C, C,,,,,,
6, dad4, I, F, G, C, E, D, F, D,,,,,,
1, daughter1\1, G/J, A/H, C/E, F/D, F/G, H/B, E/C, H/G,,,,,,
1, daughter1\2, G/B, A/H, C/A, F/D, F/G, H/B, E/C, H/B,,,,,,
1, daughter1\3, G/B, A/H, C/A, F/A, F/D, H/B, E/C, H/B,,,,,,
1, daughter1\4, G/J, A/H, C/A, F/D, F/G, H/B, E/B, H/G,,,,,,
1, daughter1\5, G/B, A/H, C/E, F/D, F/D, H/D, E/B, H/G
1, daughter1\6, G/B, A/H, C/E, F/A, F/D, H/B, E/B, H/B
1, daughter1\7, G/J, A/D, C/A, F/D, F/G, H/B, E/C, H/B
1, daughter1\8, G/B, A/D, C/A, F/A, F/D, H/B, E/B, H/G
1, daughter2\1, C/A, C/H, C/A, J/A, H/A, C/F, J/E, A/H
1, daughter2\2, C/A, C/G, C/A, J/A, H/E, C/H, J/E, A/H
1, daughter2\3, C/A, C/G, C/H, J/A, H/E, C/F, J/E, A/A
1, daughter2\4, C/A, C/G, C/H, J/A, H/E, C/H, J/E, A/A
1, daughter2\5, C/G, C/H, C/A, J/A, H/A, C/F, J/E, A/A
1, daughter2\6, C/A, C/G, C/H, J/A, H/A, C/H, J/E, A/H
1, daughter2\7, C/A, C/G, C/H, J/A, H/E, C/F, J/A, A/A
1, daughter2\8, C/A, C/G, C/H, J/A, H/A, C/H, J/A, A/H
1, daughter3\1, E/I, F/G, D/F, E/I, G/E, D/E, C/I, C/I
1, daughter3\2, E/B, F/G, D/F, E/I, G/E, D/F, C/D, C/I
1, daughter3\3, E/I, F/E, D/F, E/G, G/H, D/F, C/D, C/E
1, daughter3\4, E/I, F/E, D/H, E/I, G/E, D/F, C/I, C/I
1, daughter3\5, E/B, F/E, D/H, E/I, G/E, D/F, C/I, C/I
1, daughter3\6, E/B, F/G, D/F, E/I, G/H, D/E, C/D, C/E
1, daughter3\7, E/I, F/G, D/F, E/G, G/E, D/F, C/D, C/I
1, daughter3\8, E/B, F/E, D/H, E/G, G/H, D/E, C/D, C/E
1, daughter4\1, I/F, F/H, G/C, C/I, E/C, D/A, F/I, D/A
1, daughter4\2, I/F, F/H, G/H, C/G, E/C, D/F, F/I, D/A
1, daughter4\3, I/F, F/D, G/H, C/G, E/C, D/A, F/I, D/J
1, daughter4\4, I/F, F/H, G/H, C/G, E/C, D/F, F/I, D/A
1, daughter4\5, I/F, F/H, G/C, C/G, E/C, D/A, F/I, D/J
1, daughter4\6, I/F, F/H, G/C, C/I, E/C, D/F, F/I, D/J
1, daughter4\7, I/A, F/D, G/H, C/I, E/C, D/F, F/I, D/A
1, daughter4\8, I/F, F/D, G/H, C/G, E/C, D/F, F/I, D/A
7, mate1\1, G, G, J, B, G, C, F, E
8, mate1\2, A, H, F, C, D, D, F, F
9, mate1\3, B, F, A, J, G, E, J, A
10, daughter1\1\1, G/J, G/H, J/C, B/D, G/G, C/H, F/E, E/G
10, daughter1\1\2, G/J, G/A, J/E, B/F, G/G, C/H, F/E, E/H
10, daughter1\1\3, G/G, G/A, J/E, B/D, G/F, C/H, F/C, E/G
10, daughter1\1\4, G/J, G/A, J/C, B/F, G/G, C/B, F/E, E/H
10, daughter1\1\5, G/J, G/H, J/E, B/D, G/F, C/B, F/C, E/H
10, daughter1\1\6, G/J, G/H, J/C, B/D, G/F, C/H, F/C, E/G
10, daughter1\1\7, G/J, G/A, J/E, B/D, G/G, C/B, F/C, E/G
10, daughter1\1\8, G/J, G/A, J/E, B/F, G/G, C/H, F/C, E/G
10, daughter1\2\1, A/B, H/H, F/A, C/D, D/G, D/B, F/C, F/B
10, daughter1\2\2, A/G, H/A, F/A, C/F, D/G, D/B, F/E, F/B
10, daughter1\2\3, A/G, H/H, F/A, C/D, D/G, D/B, F/C, F/B
10, daughter1\2\4, A/B, H/H, F/A, C/D, D/F, D/B, F/C, F/B
10, daughter1\2\5, A/G, H/A, F/A, C/F, D/F, D/B, F/E, F/H
10, daughter1\2\6, A/B, H/A, F/C, C/F, D/G, D/H, F/C, F/H
10, daughter1\2\7, A/G, H/A, F/A, C/D, D/G, D/B, F/E, F/H
10, daughter1\2\8, A/B, H/A, F/C, C/F, D/G, D/H, F/E, F/H
10, daughter1\3\1, B/B, F/H, A/C, J/A, G/F, E/B, J/E, A/B
10, daughter1\3\2, B/G, F/H, A/A, J/F, G/F, E/B, J/C, A/B
10, daughter1\3\3, B/G, F/A, A/A, J/A, G/F, E/H, J/E, A/H
10, daughter1\3\4, B/G, F/A, A/A, J/A, G/D, E/H, J/E, A/H
10, daughter1\3\5, B/G, F/H, A/C, J/F, G/F, E/B, J/C, A/B
10, daughter1\3\6, B/G, F/A, A/A, J/F, G/D, E/H, J/C, A/H
10, daughter1\3\7, B/B, F/A, A/C, J/F, G/F, E/H, J/E, A/H
10, daughter1\3\8, B/B, F/H, A/A, J/F, G/D, E/B, J/E, A/B
