*, RESULTS:
*, 
*, FILE  C:\dev\kin_group\kingroup_www\kingroup\examples\02_kinship_with_ids\significance_flag_by_group.csv
*, FORMAT   JKINSHIP/KINSHIP input file
*,          column delimiter [,] {Tab Semicolon Comma}
*,          allele delimiter [/] 
*, CREATED AT: 12:46 07s on Fri, Feb 20, 2004
*, LAST OPENED INPUT FILE: C:\dev\kin_group\kingroup_www\kingroup\examples\02_kinship_with_ids\input.csv
*, 
*, Population contains: 39 individuals.
*, 
*
*, *** PAIRWISE LIKELIHOOD RATIOS ***
*, Settings for primary hypothesis
*, Rm ,0.5
*, Rp ,0.5
*, Settings for null hypothesis
*, Rm ,0.0
*, Rp ,0.0
*, ** DISPLAY FORMAT **
*, , Log of values
*, , By group
*, , Format,3,Maximum number of fraction digits
*, ** MATRIX FORMAT ** 
*, , Half matrix
*,
*, Results of significance simulations
*,1000,simulated pairs used to calculate values
*,,p<,log(Ratio),Type II error
*, , *0.05, 0.565, 0.35
*, , **0.01, 1.142, 0.625
*, , ***0.0010, 1.865, 0.869
*,
*, Ratios
* 
*,Group: ,1
*,ID,fb1,u1,fb2,u2,u3,u4,u5,fa1,u6,u7,fa2,u8,fa3,fa4,fa5,fb3,u9,u10
*,fb1,-, , , , , , , , , , , , , , , , , 
*,u1,*,-, , , , , , , , , , , , , , , , 
*,fb2,**,ns,-, , , , , , , , , , , , , , , 
*,u2,ns,ns,ns,-, , , , , , , , , , , , , , 
*,u3,ns,ns,ns,ns,-, , , , , , , , , , , , , 
*,u4,**,ns,ns,ns,ns,-, , , , , , , , , , , , 
*,u5,ns,ns,ns,ns,ns,ns,-, , , , , , , , , , , 
*,fa1,ns,ns,ns,ns,ns,ns,ns,-, , , , , , , , , , 
*,u6,ns,ns,ns,ns,ns,ns,ns,ns,-, , , , , , , , , 
*,u7,ns,ns,ns,ns,ns,ns,ns,ns,ns,-, , , , , , , , 
*,fa2,ns,ns,ns,ns,ns,ns,ns,ns,ns,ns,-, , , , , , , 
*,u8,ns,ns,ns,ns,ns,ns,ns,ns,ns,ns,ns,-, , , , , , 
*,fa3,ns,ns,ns,ns,ns,ns,ns,**,*,ns,*,ns,-, , , , , 
*,fa4,ns,ns,ns,ns,ns,ns,*,**,*,ns,ns,ns,*,-, , , , 
*,fa5,ns,ns,ns,ns,ns,ns,ns,ns,ns,ns,**,ns,ns,ns,-, , , 
*,fb3,ns,ns,ns,ns,ns,ns,ns,ns,ns,ns,ns,*,*,*,*,-, , 
*,u9,ns,ns,ns,ns,ns,ns,ns,ns,ns,ns,ns,ns,ns,ns,ns,ns,-, 
*,u10,*,ns,ns,ns,ns,ns,ns,ns,ns,ns,ns,ns,ns,ns,ns,ns,ns,-
* 
*,Group: ,1b
*,ID,mom,kid
*,mom,-, 
*,kid,ns,-
* 
*,Group: ,2
*,ID,fb1,fb2,fa1,fb3,fc1,fb4,fa2,fa3,fc2
*,fb1,-, , , , , , , , 
*,fb2,**,-, , , , , , , 
*,fa1,ns,ns,-, , , , , , 
*,fb3,*,**,ns,-, , , , , 
*,fc1,ns,ns,***,ns,-, , , , 
*,fb4,**,*,ns,ns,ns,-, , , 
*,fa2,ns,ns,*,ns,ns,ns,-, , 
*,fa3,ns,ns,***,ns,**,ns,***,-, 
*,fc2,ns,ns,**,ns,**,ns,ns,*,-
* 
*,Group: ,3
*,ID,u1,u2,u3,u4,u5
*,u1,-, , , , 
*,u2,ns,-, , , 
*,u3,ns,ns,-, , 
*,u4,ns,ns,ns,-, 
*,u5,ns,ns,ns,ns,-
* 
*,Group: ,4
*,ID,u1,u2,u3,u4,u5
*,u1,-, , , , 
*,u2,ns,-, , , 
*,u3,ns,ns,-, , 
*,u4,ns,ns,ns,-, 
*,u5,ns,ns,ns,ns,-
*
*, ACTUAL DATA USED:
*, ALLELE FREQUENCIES
loc1,Freq,loc2,Freq,loc3,Freq,loc4,Freq,loc5,Freq,loc6,Freq,loc7,Freq
100,0.5,fast,0.6,big,0.5,a,0.1,all1,0.5,com,0.9,212,0.3
110,0.25,slow1,0.1,small,0.5,b,0.05,all2,0.5,rare,0.1,209,0.3
90,0.25,slow2,0.1, , ,c,0.05, , , , ,206,0.4
 , ,slow3,0.1, , ,d,0.2, , , , , , 
 , ,slow4,0.1, , ,e,0.2, , , , , , 
 , , , , , ,f,0.2, , , , , , 
 , , , , , ,g,0.2, , , , , , 
end
*,   GENOTYPES:
GROUP,ID,loc1,loc2,loc3,loc4,loc5,loc6,loc7
1,fb1,90/100,fast/fast,big/small,c/b,all1/all2,com/com,209/212
1,u1,90/100,slow2/fast,small/big,d/b,all2/all1,com/com,212/212
1,fb2,90/100,fast/slow4,big/big,c/b,all1/all2,com/com,212/206
1,u2,110/110,slow4/fast,small/big,f/f,all1/all1,com/com,212/209
1,u3,100/110,fast/fast,big/small,g/f,all2/all1,com/com,206/206
1,u4,90/90,fast/fast,small/big,c/d,all2/all2,com/com,212/209
1,u5,100/100,slow4/fast,big/big,d/e,all2/all1,com/rare,206/206
1,fa1,100/90,fast/fast,big/small,a/f,all1/all1,rare/rare,206/209
1,u6,100/100,fast/fast,small/small,a/g,all2/all1,com/rare,206/206
1,u7,100/110,fast/fast,big/big,d/c,all1/all1,com/rare,212/212
1,fa2,90/100,fast/fast,small/small,a/a,all2/all2,com/com,212/206
1,u8,90/100,fast/slow4,big/small,f/g,all2/all2,com/com,209/206
1,fa3,100/90,fast/slow4,small/small,a/a,all1/all1,com/rare,206/209
1,fa4,100/100,slow4/fast,small/big,a/f,all2/all1,rare/rare,212/206
1,fa5,100/90,fast/slow4,small/small,a/f,all2/all2,com/com,212/212
1,fb3,90/100,slow4/fast,big/small,a/f,all1/all2,com/com,206/206
1,u9,100/100,fast/fast,big/big,d/a,all2/all2,com/com,209/209
1,u10,100/100,fast/fast,big/small,g/b,all1/all2,com/com,212/206
1b,mom,90/100,slow4/fast,big/small,a/b,all1/all2,rare/rare,212/206
1b,kid,100/100,slow1/fast,big/big,a/c,all1/all2,com/rare,212/209
2,fb1,100/100,fast/slow1,small/big,g/e,all2/all1,com/com,206/206
2,fb2,100/100,fast/fast,big/small,e/g,all1/all2,com/com,206/206
2,fa1,90/90,fast/fast,big/big,e/e,all2/all2,com/com,206/206
2,fb3,100/100,fast/fast,small/big,g/e,all2/all1,com/com,209/206
2,fc1,90/90,fast/fast,big/big,e/e,all1/all1,com/com,206/206
2,fb4,100/100,fast/slow1,small/big,g/f,all2/all1,com/com,206/206
2,fa2,100/90,fast/fast,big/big,b/c,all2/all2,com/com,206/206
2,fa3,90/90,fast/fast,big/big,b/e,all2/all2,com/com,206/206
2,fc2,90/90,fast/slow1,big/big,e/e,all2/all1,com/com,206/212
3,u1,90/100,slow3/fast,small/big,e/d,all1/all2,com/com,206/206
3,u2,100/100,slow4/fast,big/small,d/f,all2/all1,com/com,209/212
3,u3,100/90,slow2/slow2,big/big,e/c,all2/all2,com/com,206/212
3,u4,90/110,fast/fast,big/big,b/e,all1/all2,com/rare,212/209
3,u5,100/110,slow3/fast,small/small,d/b,all2/all2,com/rare,206/206
4,u1,110/90,fast/fast,small/big,d/d,all1/all2,rare/com,212/206
4,u2,100/100,slow3/fast,big/small,g/e,all1/all1,com/com,209/206
4,u3,100/90,slow3/slow1,small/small,e/e,all2/all1,com/com,206/209
4,u4,90/100,fast/slow4,big/small,d/d,all2/all2,com/com,212/212
4,u5,100/100,fast/slow4,small/big,b/e,all1/all1,com/rare,206/209
*, ORIGINAL INPUT FILE:
*,*Sample data set for Kinship 1.0, , , , , , , , , , , , , ,
*,*Comment lines begin with an asterisk, , , , , , , , , , , , , ,
*,*First non-comment line is locus names in allele frequency block, , , , , , , , , , , , , ,
*,*Each locus has 2 columns, one for allele names and one for frequencies, , , , , , , , , , , , , 
*,*They read left to right in the same order as they appear in the genotype data., , , , , , , , ,,,,,,
*,*This sample data set shows a variety of allele naming conventions., , , , , , , , , , , , , ,
*,*Kinship can accept any combination of letters & numbers up to 5 characters long as an allele name., , , , ,,,,,,,,,,
*,loc1,     ,  loc2,    ,  loc3,    , loc4, , loc5, , loc6, , loc7, ,
*,100,0.5,  fast,0.6,   big,0.5, a,0.1, all1,0.5, com,0.9,212,0.3,
*,110,0.25, slow1,0.1, small,0.5, b,0.05, all2,0.5, rare,0.1,209,0.3,
*,90,0.25, slow2,0.1,      ,    , c,0.05, , , , ,206,0.4,
*,    ,     , slow3,0.1,      ,    , d,0.2, , , , , , ,
*,    ,     , slow4,0.1,      ,    , e,0.2, , , , , , ,
*,    ,     ,      ,    ,      ,    , f,0.2, , , , , , ,
*,    ,     ,      ,    ,      ,    , g,0.2, , , , , , ,
*,end, ,,,,,,,,,,,,,
*,*Frequencies block ends with the word <end> on a line by itself., , , , , , , , ,
*,*The first non-comment line of the genotypes block is the list of variable names., , , , , , , , ,
*,*Variables can be in any order, except that loci must be in a contiguous block and in the same order as in the frequencies block., , , , , , , , 
*,*The sample data set has sets of full-sibships mixed with unrelated individuals., , , , , , , , ,
*,*The likelihood test of full-sib/unrelated will identify the sibshibs., , , , , , , , ,
*,*And the sort routine will gather sets of siblings together., , , , , , , , ,
*,*You can check the results with reference to the individual ID's., , , , , , , , ,
*,*Full siblings have the same ID number as each other, beginning with f., , , , , , , , 
*,Group, ID, loc1, loc2, loc3, loc4, loc5, loc6, loc7,
*,1, fb1, 90/100, fast/fast, big/small, c/b, all1/all2, com/com, 209/212,
*,1, u1, 90/100, slow2/fast, small/big, d/b, all2/all1, com/com, 212/212,
*,1, fb2, 90/100, fast/slow4, big/big, c/b, all1/all2, com/com, 212/206,
*,1, u2, 110/110, slow4/fast, small/big, f/f, all1/all1, com/com, 212/209,
*,1, u3, 100/110, fast/fast, big/small, g/f, all2/all1, com/com, 206/206,
*,1, u4, 90/90, fast/fast, small/big, c/d, all2/all2, com/com, 212/209,
*,1, u5, 100/100, slow4/fast, big/big, d/e, all2/all1, com/rare, 206/206,
*,1, fa1, 100/90, fast/fast, big/small, a/f, all1/all1, rare/rare, 206/209
*,1, u6, 100/100, fast/fast, small/small, a/g, all2/all1, com/rare, 206/206
*,1, u7, 100/110, fast/fast, big/big, d/c, all1/all1, com/rare, 212/212
*,1, fa2, 90/100, fast/fast, small/small, a/a, all2/all2, com/com, 212/206
*,1, u8, 90/100, fast/slow4, big/small, f/g, all2/all2, com/com, 209/206
*,1, fa3, 100/90, fast/slow4, small/small, a/a, all1/all1, com/rare, 206/209
*,1, fa4, 100/100, slow4/fast, small/big, a/f, all2/all1, rare/rare, 212/206
*,1, fa5, 100/90, fast/slow4, small/small, a/f, all2/all2, com/com, 212/212
*,1, fb3, 90/100, slow4/fast, big/small, a/f, all1/all2, com/com, 206/206
*,1, u9, 100/100, fast/fast, big/big, d/a, all2/all2, com/com, 209/209
*,1, u10, 100/100, fast/fast, big/small, g/b, all1/all2, com/com, 212/206
*,1b, mom, 90/100, slow4/fast, big/small, a/b, all1/all2, rare/rare, 212/206
*,1b, kid, 100/100, slow1/fast, big/big, a/c, all1/all2, com/rare, 212/209
*,2, fb1, 100/100, fast/slow1, small/big, g/e, all2/all1, com/com, 206/206
*,2, fb2, 100/100, fast/fast, big/small, e/g, all1/all2, com/com, 206/206
*,2, fa1, 90/90, fast/fast, big/big, e/e, all2/all2, com/com, 206/206
*,2, fb3, 100/100, fast/fast, small/big, g/e, all2/all1, com/com, 209/206
*,2, fc1, 90/90, fast/fast, big/big, e/e, all1/all1, com/com, 206/206
*,2, fb4, 100/100, fast/slow1, small/big, g/f, all2/all1, com/com, 206/206
*,2, fa2, 100/90, fast/fast, big/big, b/c, all2/all2, com/com, 206/206
*,2, fa3, 90/90, fast/fast, big/big, b/e, all2/all2, com/com, 206/206
*,2, fc2, 90/90, fast/slow1, big/big, e/e, all2/all1, com/com, 206/212
*,3, u1, 90/100, slow3/fast, small/big, e/d, all1/all2, com/com, 206/206
*,3, u2, 100/100, slow4/fast, big/small, d/f, all2/all1, com/com, 209/212
*,3, u3, 100/90, slow2/slow2, big/big, e/c, all2/all2, com/com, 206/212
*,3, u4, 90/110, fast/fast, big/big, b/e, all1/all2, com/rare, 212/209
*,3, u5, 100/110, slow3/fast, small/small, d/b, all2/all2, com/rare, 206/206
*,4, u1, 110/90, fast/fast, small/big, d/d, all1/all2, rare/com, 212/206
*,4, u2, 100/100, slow3/fast, big/small, g/e, all1/all1, com/com, 209/206
*,4, u3, 100/90, slow3/slow1, small/small, e/e, all2/all1, com/com, 206/209
*,4, u4, 90/100, fast/slow4, big/small, d/d, all2/all2, com/com, 212/212
*,4, u5, 100/100, fast/slow4, small/big, b/e, all1/all1, com/rare, 206/209
