*,KinGroup v1_040720 [RESULTS].
*,FILE [examples\kinship_calc_freqs\kingroup_results_freq_file.csv]. Saved [15:09  Mon Jul 26 2004].
*,File format [KINSHIP]. Column delimiter [Comma]. Allele delimiter [/].
*,Population was IMPORTED from [examples\kinship_calc_freqs\kingroup_input_freq.csv] with [6] individuals.
*, 
*
*, *** PAIRWISE LIKELIHOOD RATIOS ***
*, Settings for primary hypothesis
*, Rm ,0.5
*, Rp ,0.5
*, Settings for null hypothesis
*, Rm ,0.0
*, Rp ,0.0
*, ** DISPLAY FORMAT **
*, , Log of values
*, , By group
*, , Format,3,Maximum number of fraction digits
*, ** MATRIX FORMAT ** 
*, , Half matrix
*,
* 
*,Group: ,1
*,ID,fb1,u1,fb2,u2
*,fb1,-, , , 
*,u1,0.049,-, , 
*,fb2,0.165,-0.458,-, 
*,u2,-1.008,-1.602,-1.516,-
* 
*,Group: ,1b
*,ID,mom,kid
*,mom,-, 
*,kid,-0.792,-
*
*, ACTUAL DATA USED:
*, The following ALLELE FREQUENCIES are calculated from the supplied population.
loc1,Freq,loc2,Freq,loc3,Freq,loc4,Freq,loc5,Freq,loc6,Freq,loc7,Freq
90,0.33333334,fast,0.5833333,big,0.6666667,c,0.25,all1,0.5833333,com,0.75,209,0.25
100,0.5,slow2,0.083333336,small,0.33333334,b,0.33333334,all2,0.41666666,rare,0.25,212,0.5833333
110,0.16666667,slow4,0.25, , ,d,0.083333336, , , , ,206,0.16666667
 , ,slow1,0.083333336, , ,f,0.16666667, , , , , , 
 , , , , , ,a,0.16666667, , , , , , 
end
*,   POPULATION:
GROUP,ID,loc1,loc2,loc3,loc4,loc5,loc6,loc7
1,fb1,90/100,fast/fast,big/small,c/b,all1/all2,com/com,209/212
1,u1,90/100,slow2/fast,small/big,d/b,all2/all1,com/com,212/212
1,fb2,90/100,fast/slow4,big/big,c/b,all1/all2,com/com,212/206
1,u2,110/110,slow4/fast,small/big,f/f,all1/all1,com/com,212/209
1b,mom,90/100,slow4/fast,big/small,a/b,all1/all2,rare/rare,212/206
1b,kid,100/100,slow1/fast,big/big,a/c,all1/all2,com/rare,212/209
