*, RESULTS:
*, 
*, FILE  C:\dev\kin_group\kingroup_www\kingroup\examples\03_kinship_calc_freqs\log_ratio_no_bias_correction.csv
*, FORMAT   JKINSHIP/KINSHIP input file
*,          column delimiter [,] {Tab Semicolon Comma}
*,          allele delimiter [/] 
*, CREATED AT: 12:29 33s on Fri, Feb 20, 2004
*, LAST OPENED INPUT FILE: C:\dev\kin_group\kingroup_www\kingroup\examples\03_kinship_calc_freqs\input.csv
*, 
*, Population contains: 39 individuals.
*, 
*
*, *** PAIRWISE LIKELIHOOD RATIOS ***
*, Settings for primary hypothesis
*, Rm ,0.5
*, Rp ,0.5
*, Settings for null hypothesis
*, Rm ,0.0
*, Rp ,0.0
*, ** DISPLAY FORMAT **
*, , Log of values
*, , By group
*, , Format,3,Maximum number of fraction digits
*, ** MATRIX FORMAT ** 
*, , Half matrix
*,
*,
*, Ratios
* 
*,Group: ,1
*,ID,fb1,u1,fb2,u2,u3,u4,u5,fa1,u6,u7,fa2,u8,fa3,fa4,fa5,fb3,u9,u10
*,fb1,-, , , , , , , , , , , , , , , , , 
*,u1,0.401,-, , , , , , , , , , , , , , , , 
*,fb2,0.958,-0.021,-, , , , , , , , , , , , , , , 
*,u2,-0.746,-1.405,-1.141,-, , , , , , , , , , , , , , 
*,u3,-1.053,-1.441,-1.249,0.119,-, , , , , , , , , , , , , 
*,u4,0.99,-0.094,-0.39,-1.255,-1.582,-, , , , , , , , , , , , 
*,u5,-1.894,-1.418,-0.398,-1.934,-0.969,-1.962,-, , , , , , , , , , , 
*,fa1,-0.895,-1.84,-1.82,-0.6,-0.793,-1.585,-1.182,-, , , , , , , , , , 
*,u6,-1.416,-1.804,-1.868,-2.441,0.237,-2.112,-0.441,-0.076,-, , , , , , , , , 
*,u7,-0.392,-0.311,-0.343,-0.28,-0.904,-0.331,-0.501,-0.915,-1.615,-, , , , , , , , 
*,fa2,-0.549,-0.723,-1.056,-2.157,-1.024,-0.28,-2.121,-0.976,0.195,-2.155,-, , , , , , , 
*,u8,-0.643,-1.352,-0.583,-0.321,0.402,-0.374,-1.088,-0.681,-0.868,-2.764,-0.641,-, , , , , , 
*,fa3,-1.114,-1.822,-1.31,-0.778,-1.702,-1.803,-0.943,1.134,0.389,-1.661,0.388,-0.605,-, , , , , 
*,fa4,-1.53,-1.468,-0.796,-0.625,-0.82,-2.227,0.051,1.233,0.173,-0.988,-0.681,-0.649,0.207,-, , , , 
*,fa5,-0.723,-0.217,-0.652,-0.401,-1.185,-0.454,-1.987,-1.004,-0.902,-1.886,1.129,0.356,-0.18,0.373,-, , , 
*,fb3,-0.946,-1.098,-0.157,-0.369,0.175,-1.38,-0.371,0.148,-0.25,-2.255,-0.042,0.55,0.265,0.612,0.742,-, , 
*,u9,-0.617,-1.169,-1.361,-1.897,-1.409,0.018,-0.639,-1.138,-1.125,-1.143,-0.522,-0.556,-1.366,-1.426,-1.157,-1.169,-, 
*,u10,0.248,0.074,-0.003,-1.467,0.304,-1.139,-0.988,-1.489,0.217,-1.042,-0.468,-0.51,-1.707,-0.679,-1.05,-0.811,-0.966,-
* 
*,Group: ,1b
*,ID,mom,kid
*,mom,-, 
*,kid,-0.532,-
* 
*,Group: ,2
*,ID,fb1,fb2,fa1,fb3,fc1,fb4,fa2,fa3,fc2
*,fb1,-, , , , , , , , 
*,fb2,1.514,-, , , , , , , 
*,fa1,-0.588,-0.2,-, , , , , , 
*,fb3,1.052,1.44,-0.663,-, , , , , 
*,fc1,-0.528,-0.14,1.694,-0.603,-, , , , 
*,fb4,1.751,0.822,-1.315,0.359,-1.255,-, , , 
*,fa2,-0.872,-0.484,0.549,-0.947,-0.35,-0.872,-, , 
*,fa3,-0.814,-0.426,1.866,-0.889,0.967,-1.315,1.239,-, 
*,fc2,0.132,-0.797,1.293,-0.97,1.352,-0.595,-0.751,0.566,-
* 
*,Group: ,3
*,ID,u1,u2,u3,u4,u5
*,u1,-, , , , 
*,u2,-0.797,-, , , 
*,u3,-0.895,-1.743,-, , 
*,u4,-1.448,-1.173,-1.21,-, 
*,u5,0.349,-1.581,-2.228,-0.998,-
* 
*,Group: ,4
*,ID,u1,u2,u3,u4,u5
*,u1,-, , , , 
*,u2,-1.97,-, , , 
*,u3,-1.957,0.7,-, , 
*,u4,0.476,-2.128,-1.768,-, 
*,u5,-1.448,0.461,-0.681,-1.729,-
*
*, ACTUAL DATA USED:
*, The following ALLELE FREQUENCIES are calculated from the supplied population.
loc1,Freq,loc2,Freq,loc3,Freq,loc4,Freq,loc5,Freq,loc6,Freq,loc7,Freq
90,0.34615386,fast,0.6923077,big,0.5769231,c,0.08974359,all1,0.44871795,com,0.8076923,209,0.1923077
100,0.5641026,slow2,0.03846154,small,0.42307693,b,0.12820514,all2,0.55128205,rare,0.1923077,212,0.2820513
110,0.08974359,slow4,0.15384616, , ,d,0.15384616, , , , ,206,0.525641
 , ,slow1,0.06410257, , ,f,0.12820514, , , , , , 
 , ,slow3,0.051282052, , ,g,0.115384616, , , , , , 
 , , , , , ,e,0.23076923, , , , , , 
 , , , , , ,a,0.15384616, , , , , , 
end
*,   GENOTYPES:
GROUP,ID,loc1,loc2,loc3,loc4,loc5,loc6,loc7
1,fb1,90/100,fast/fast,big/small,c/b,all1/all2,com/com,209/212
1,u1,90/100,slow2/fast,small/big,d/b,all2/all1,com/com,212/212
1,fb2,90/100,fast/slow4,big/big,c/b,all1/all2,com/com,212/206
1,u2,110/110,slow4/fast,small/big,f/f,all1/all1,com/com,212/209
1,u3,100/110,fast/fast,big/small,g/f,all2/all1,com/com,206/206
1,u4,90/90,fast/fast,small/big,c/d,all2/all2,com/com,212/209
1,u5,100/100,slow4/fast,big/big,d/e,all2/all1,com/rare,206/206
1,fa1,100/90,fast/fast,big/small,a/f,all1/all1,rare/rare,206/209
1,u6,100/100,fast/fast,small/small,a/g,all2/all1,com/rare,206/206
1,u7,100/110,fast/fast,big/big,d/c,all1/all1,com/rare,212/212
1,fa2,90/100,fast/fast,small/small,a/a,all2/all2,com/com,212/206
1,u8,90/100,fast/slow4,big/small,f/g,all2/all2,com/com,209/206
1,fa3,100/90,fast/slow4,small/small,a/a,all1/all1,com/rare,206/209
1,fa4,100/100,slow4/fast,small/big,a/f,all2/all1,rare/rare,212/206
1,fa5,100/90,fast/slow4,small/small,a/f,all2/all2,com/com,212/212
1,fb3,90/100,slow4/fast,big/small,a/f,all1/all2,com/com,206/206
1,u9,100/100,fast/fast,big/big,d/a,all2/all2,com/com,209/209
1,u10,100/100,fast/fast,big/small,g/b,all1/all2,com/com,212/206
1b,mom,90/100,slow4/fast,big/small,a/b,all1/all2,rare/rare,212/206
1b,kid,100/100,slow1/fast,big/big,a/c,all1/all2,com/rare,212/209
2,fb1,100/100,fast/slow1,small/big,g/e,all2/all1,com/com,206/206
2,fb2,100/100,fast/fast,big/small,e/g,all1/all2,com/com,206/206
2,fa1,90/90,fast/fast,big/big,e/e,all2/all2,com/com,206/206
2,fb3,100/100,fast/fast,small/big,g/e,all2/all1,com/com,209/206
2,fc1,90/90,fast/fast,big/big,e/e,all1/all1,com/com,206/206
2,fb4,100/100,fast/slow1,small/big,g/f,all2/all1,com/com,206/206
2,fa2,100/90,fast/fast,big/big,b/c,all2/all2,com/com,206/206
2,fa3,90/90,fast/fast,big/big,b/e,all2/all2,com/com,206/206
2,fc2,90/90,fast/slow1,big/big,e/e,all2/all1,com/com,206/212
3,u1,90/100,slow3/fast,small/big,e/d,all1/all2,com/com,206/206
3,u2,100/100,slow4/fast,big/small,d/f,all2/all1,com/com,209/212
3,u3,100/90,slow2/slow2,big/big,e/c,all2/all2,com/com,206/212
3,u4,90/110,fast/fast,big/big,b/e,all1/all2,com/rare,212/209
3,u5,100/110,slow3/fast,small/small,d/b,all2/all2,com/rare,206/206
4,u1,110/90,fast/fast,small/big,d/d,all1/all2,rare/com,212/206
4,u2,100/100,slow3/fast,big/small,g/e,all1/all1,com/com,209/206
4,u3,100/90,slow3/slow1,small/small,e/e,all2/all1,com/com,206/209
4,u4,90/100,fast/slow4,big/small,d/d,all2/all2,com/com,212/212
4,u5,100/100,fast/slow4,small/big,b/e,all1/all1,com/rare,206/209
*, ORIGINAL INPUT FILE:
*,Group, ID, loc1, loc2, loc3, loc4, loc5, loc6, loc7
*,1, fb1, 90/100, fast/fast, big/small, c/b, all1/all2, com/com, 209/212
*,1, u1, 90/100, slow2/fast, small/big, d/b, all2/all1, com/com, 212/212
*,1, fb2, 90/100, fast/slow4, big/big, c/b, all1/all2, com/com, 212/206
*,1, u2, 110/110, slow4/fast, small/big, f/f, all1/all1, com/com, 212/209
*,1, u3, 100/110, fast/fast, big/small, g/f, all2/all1, com/com, 206/206
*,1, u4, 90/90, fast/fast, small/big, c/d, all2/all2, com/com, 212/209
*,1, u5, 100/100, slow4/fast, big/big, d/e, all2/all1, com/rare, 206/206
*,1, fa1, 100/90, fast/fast, big/small, a/f, all1/all1, rare/rare, 206/209
*,1, u6, 100/100, fast/fast, small/small, a/g, all2/all1, com/rare, 206/206
*,1, u7, 100/110, fast/fast, big/big, d/c, all1/all1, com/rare, 212/212
*,1, fa2, 90/100, fast/fast, small/small, a/a, all2/all2, com/com, 212/206
*,1, u8, 90/100, fast/slow4, big/small, f/g, all2/all2, com/com, 209/206
*,1, fa3, 100/90, fast/slow4, small/small, a/a, all1/all1, com/rare, 206/209
*,1, fa4, 100/100, slow4/fast, small/big, a/f, all2/all1, rare/rare, 212/206
*,1, fa5, 100/90, fast/slow4, small/small, a/f, all2/all2, com/com, 212/212
*,1, fb3, 90/100, slow4/fast, big/small, a/f, all1/all2, com/com, 206/206
*,1, u9, 100/100, fast/fast, big/big, d/a, all2/all2, com/com, 209/209
*,1, u10, 100/100, fast/fast, big/small, g/b, all1/all2, com/com, 212/206
*,1b, mom, 90/100, slow4/fast, big/small, a/b, all1/all2, rare/rare, 212/206
*,1b, kid, 100/100, slow1/fast, big/big, a/c, all1/all2, com/rare, 212/209
*,2, fb1, 100/100, fast/slow1, small/big, g/e, all2/all1, com/com, 206/206
*,2, fb2, 100/100, fast/fast, big/small, e/g, all1/all2, com/com, 206/206
*,2, fa1, 90/90, fast/fast, big/big, e/e, all2/all2, com/com, 206/206
*,2, fb3, 100/100, fast/fast, small/big, g/e, all2/all1, com/com, 209/206
*,2, fc1, 90/90, fast/fast, big/big, e/e, all1/all1, com/com, 206/206
*,2, fb4, 100/100, fast/slow1, small/big, g/f, all2/all1, com/com, 206/206
*,2, fa2, 100/90, fast/fast, big/big, b/c, all2/all2, com/com, 206/206
*,2, fa3, 90/90, fast/fast, big/big, b/e, all2/all2, com/com, 206/206
*,2, fc2, 90/90, fast/slow1, big/big, e/e, all2/all1, com/com, 206/212
*,3, u1, 90/100, slow3/fast, small/big, e/d, all1/all2, com/com, 206/206
*,3, u2, 100/100, slow4/fast, big/small, d/f, all2/all1, com/com, 209/212
*,3, u3, 100/90, slow2/slow2, big/big, e/c, all2/all2, com/com, 206/212
*,3, u4, 90/110, fast/fast, big/big, b/e, all1/all2, com/rare, 212/209
*,3, u5, 100/110, slow3/fast, small/small, d/b, all2/all2, com/rare, 206/206
*,4, u1, 110/90, fast/fast, small/big, d/d, all1/all2, rare/com, 212/206
*,4, u2, 100/100, slow3/fast, big/small, g/e, all1/all1, com/com, 209/206
*,4, u3, 100/90, slow3/slow1, small/small, e/e, all2/all1, com/com, 206/209
*,4, u4, 90/100, fast/slow4, big/small, d/d, all2/all2, com/com, 212/212
*,4, u5, 100/100, fast/slow4, small/big, b/e, all1/all1, com/rare, 206/209
