*,KinGroup v1_040720 [RESULTS].
*,FILE [examples\kinship_ids\kingroup_results_significance.csv]. Saved [10:55  Thu Jul 22 2004].
*,File format [KINSHIP]. Column delimiter [Comma]. Allele delimiter [/].
*,Population was IMPORTED from [examples\kinship_ids\kingroup_input.csv] with [39] individuals.
*, 
*
*, *** PAIRWISE LIKELIHOOD RATIOS ***
*, Settings for primary hypothesis
*, Rm ,0.5
*, Rp ,0.5
*, Settings for null hypothesis
*, Rm ,0.0
*, Rp ,0.0
*, ** DISPLAY FORMAT **
*, , Log of values
*, , By group
*, , Format,3,Maximum number of fraction digits
*, ** MATRIX FORMAT ** 
*, , Half matrix
*,
*, Results of significance simulations
*,1000,simulated pairs used to calculate values
*,,p<,log(Ratio),Type II error
*, , 0.05, 0.545, 0.36
*, , 0.01, 1.166, 0.63
*, , 0.0010, 2.031, 0.91
* 
*,Group: ,1
*,ID,fb1,u1,fb2,u2,u3,u4,u5,fa1,u6,u7,fa2,u8,fa3,fa4,fa5,fb3,u9,u10
*,fb1,-, , , , , , , , , , , , , , , , , 
*,u1,0.84,-, , , , , , , , , , , , , , , , 
*,fb2,1.71,0.455,-, , , , , , , , , , , , , , , 
*,u2,-0.968,-1.489,-1.004,-, , , , , , , , , , , , , , 
*,u3,-1.014,-1.44,-1.118,-0.486,-, , , , , , , , , , , , , 
*,u4,1.198,-0.083,-0.019,-1.445,-1.537,-, , , , , , , , , , , , 
*,u5,-1.811,-1.429,-0.035,-1.755,-0.723,-1.966,-, , , , , , , , , , , 
*,fa1,-0.857,-1.709,-1.579,-0.931,-0.797,-1.539,-0.772,-, , , , , , , , , , 
*,u6,-1.385,-1.811,-1.744,-2.51,0.247,-2.084,0.036,0.432,-, , , , , , , , , 
*,u7,-0.104,-0.391,-0.053,-0.697,-1.181,-0.121,-0.253,-0.589,-1.325,-, , , , , , , , 
*,fa2,-0.43,-0.645,-0.852,-2.236,-0.914,-0.157,-1.966,-0.589,0.456,-2.1,-, , , , , , , 
*,u8,-0.634,-1.223,-0.175,-0.481,0.149,-0.361,-0.734,-0.735,-0.944,-2.686,-0.453,-, , , , , , 
*,fa3,-1.181,-1.769,-0.977,-0.852,-1.665,-1.862,-0.452,1.536,0.789,-1.45,0.828,-0.421,-, , , , , 
*,fa4,-1.487,-1.439,-0.473,-0.653,-0.825,-2.186,0.682,1.825,0.705,-0.679,-0.408,-0.484,0.833,-, , , , 
*,fa5,-0.645,-0.171,-0.367,-0.492,-1.34,-0.372,-1.755,-0.883,-0.777,-1.889,1.35,0.494,0.19,0.56,-, , , 
*,fb3,-0.838,-1.001,0.239,-0.43,0.192,-1.264,0.032,0.36,0.056,-2.209,0.303,0.783,0.734,0.911,0.998,-, , 
*,u9,-0.645,-1.164,-1.231,-2.025,-1.282,-0.101,-0.534,-0.993,-0.828,-1.063,-0.241,-0.594,-1.309,-1.102,-0.93,-0.93,-, 
*,u10,0.629,0.414,0.463,-1.537,0.25,-1.111,-0.79,-1.357,0.18,-0.97,-0.375,-0.59,-1.68,-0.529,-1.071,-0.72,-0.805,-
* 
*,Group: ,1b
*,ID,mom,kid
*,mom,-, 
*,kid,-0.052,-
* 
*,Group: ,2
*,ID,fb1,fb2,fa1,fb3,fc1,fb4,fa2,fa3,fc2
*,fb1,-, , , , , , , , 
*,fb2,1.568,-, , , , , , , 
*,fa1,-0.319,0.107,-, , , , , , 
*,fb3,1.024,1.45,-0.437,-, , , , , 
*,fc1,-0.319,0.107,2.283,-0.437,-, , , , 
*,fb4,1.6,0.845,-1.097,0.301,-1.097,-, , , 
*,fa2,-0.62,-0.194,0.982,-0.738,0.028,-0.62,-, , 
*,fa3,-0.553,-0.127,2.459,-0.671,1.505,-1.097,2.024,-, 
*,fc2,0.114,-0.641,1.79,-0.833,1.79,-0.664,-0.465,1.012,-
* 
*,Group: ,3
*,ID,u1,u2,u3,u4,u5
*,u1,-, , , , 
*,u2,-0.883,-, , , 
*,u3,-0.62,-1.708,-, , 
*,u4,-1.267,-1.293,-1.011,-, 
*,u5,0.178,-1.651,-2.091,-0.71,-
* 
*,Group: ,4
*,ID,u1,u2,u3,u4,u5
*,u1,-, , , , 
*,u2,-1.936,-, , , 
*,u3,-1.885,0.33,-, , 
*,u4,0.382,-2.126,-1.708,-, 
*,u5,-1.177,0.432,-0.773,-1.533,-
*
*, ACTUAL DATA USED:
*, ALLELE FREQUENCIES
loc1,Freq,loc2,Freq,loc3,Freq,loc4,Freq,loc5,Freq,loc6,Freq,loc7,Freq
100,0.5,fast,0.6,big,0.5,a,0.1,all1,0.5,com,0.9,212,0.3
110,0.25,slow1,0.1,small,0.5,b,0.05,all2,0.5,rare,0.1,209,0.3
90,0.25,slow2,0.1, , ,c,0.05, , , , ,206,0.4
 , ,slow3,0.1, , ,d,0.2, , , , , , 
 , ,slow4,0.1, , ,e,0.2, , , , , , 
 , , , , , ,f,0.2, , , , , , 
 , , , , , ,g,0.2, , , , , , 
end
*,   POPULATION:
GROUP,ID,loc1,loc2,loc3,loc4,loc5,loc6,loc7
1,fb1,90/100,fast/fast,big/small,c/b,all1/all2,com/com,209/212
1,u1,90/100,slow2/fast,small/big,d/b,all2/all1,com/com,212/212
1,fb2,90/100,fast/slow4,big/big,c/b,all1/all2,com/com,212/206
1,u2,110/110,slow4/fast,small/big,f/f,all1/all1,com/com,212/209
1,u3,100/110,fast/fast,big/small,g/f,all2/all1,com/com,206/206
1,u4,90/90,fast/fast,small/big,c/d,all2/all2,com/com,212/209
1,u5,100/100,slow4/fast,big/big,d/e,all2/all1,com/rare,206/206
1,fa1,100/90,fast/fast,big/small,a/f,all1/all1,rare/rare,206/209
1,u6,100/100,fast/fast,small/small,a/g,all2/all1,com/rare,206/206
1,u7,100/110,fast/fast,big/big,d/c,all1/all1,com/rare,212/212
1,fa2,90/100,fast/fast,small/small,a/a,all2/all2,com/com,212/206
1,u8,90/100,fast/slow4,big/small,f/g,all2/all2,com/com,209/206
1,fa3,100/90,fast/slow4,small/small,a/a,all1/all1,com/rare,206/209
1,fa4,100/100,slow4/fast,small/big,a/f,all2/all1,rare/rare,212/206
1,fa5,100/90,fast/slow4,small/small,a/f,all2/all2,com/com,212/212
1,fb3,90/100,slow4/fast,big/small,a/f,all1/all2,com/com,206/206
1,u9,100/100,fast/fast,big/big,d/a,all2/all2,com/com,209/209
1,u10,100/100,fast/fast,big/small,g/b,all1/all2,com/com,212/206
1b,mom,90/100,slow4/fast,big/small,a/b,all1/all2,rare/rare,212/206
1b,kid,100/100,slow1/fast,big/big,a/c,all1/all2,com/rare,212/209
2,fb1,100/100,fast/slow1,small/big,g/e,all2/all1,com/com,206/206
2,fb2,100/100,fast/fast,big/small,e/g,all1/all2,com/com,206/206
2,fa1,90/90,fast/fast,big/big,e/e,all2/all2,com/com,206/206
2,fb3,100/100,fast/fast,small/big,g/e,all2/all1,com/com,209/206
2,fc1,90/90,fast/fast,big/big,e/e,all1/all1,com/com,206/206
2,fb4,100/100,fast/slow1,small/big,g/f,all2/all1,com/com,206/206
2,fa2,100/90,fast/fast,big/big,b/c,all2/all2,com/com,206/206
2,fa3,90/90,fast/fast,big/big,b/e,all2/all2,com/com,206/206
2,fc2,90/90,fast/slow1,big/big,e/e,all2/all1,com/com,206/212
3,u1,90/100,slow3/fast,small/big,e/d,all1/all2,com/com,206/206
3,u2,100/100,slow4/fast,big/small,d/f,all2/all1,com/com,209/212
3,u3,100/90,slow2/slow2,big/big,e/c,all2/all2,com/com,206/212
3,u4,90/110,fast/fast,big/big,b/e,all1/all2,com/rare,212/209
3,u5,100/110,slow3/fast,small/small,d/b,all2/all2,com/rare,206/206
4,u1,110/90,fast/fast,small/big,d/d,all1/all2,rare/com,212/206
4,u2,100/100,slow3/fast,big/small,g/e,all1/all1,com/com,209/206
4,u3,100/90,slow3/slow1,small/small,e/e,all2/all1,com/com,206/209
4,u4,90/100,fast/slow4,big/small,d/d,all2/all2,com/com,212/212
4,u5,100/100,fast/slow4,small/big,b/e,all1/all1,com/rare,206/209
