*, RESULTS:
*, 
*, FILE  C:\dev\kingroup_project\kingroup\examples\kinship_complex\results_3fs_simple.csv
*, Input file format: KINSHIP
*,  column delimiter: Comma
*,  allele delimiter: /
*, Saved: 15:44  Sat Jul 3 2004
*, Last imported file: C:\dev\kingroup_project\kingroup\examples\kinship_complex\input_3fs_with_parents.csv
*, 
*, Population contains: 5 individuals.
*, 
*
*, *** PAIRWISE LIKELIHOOD RATIOS ***
*, Settings for primary hypothesis
*, Rm ,0.5
*, Rp ,0.5
*, Settings for null hypothesis
*, Rm ,0.0
*, Rp ,0.0
*, ** DISPLAY FORMAT **
*, , Log of values
*, , Format,3,Maximum number of fraction digits
*, ** MATRIX FORMAT ** 
*, , Half matrix
*,
*,ID,up1@pg1,up2@pg1,fs1@g1,fs2@g1,fs3@g1
*,up1@pg1,-, , , , 
*,up2@pg1,-1.352,-, , , 
*,fs1@g1,4.302,2.814,-, , 
*,fs2@g1,4.039,4.565,2.711,-, 
*,fs3@g1,4.039,2.551,1.704,5.275,-
*
*, ACTUAL DATA USED:
*, ALLELE FREQUENCIES
L1,Freq,L2,Freq,L3,Freq,L4,Freq,L5,Freq,L6,Freq,L7,Freq,L8,Freq,L9,Freq,L10,Freq
a1,0.1,a1,0.1,a1,0.1,a1,0.1,a1,0.1,a1,0.1,a1,0.1,a1,0.1,a1,0.1,a1,0.1
a2,0.1,a2,0.1,a2,0.1,a2,0.1,a2,0.1,a2,0.1,a2,0.1,a2,0.1,a2,0.1,a2,0.1
a3,0.1,a3,0.1,a3,0.1,a3,0.1,a3,0.1,a3,0.1,a3,0.1,a3,0.1,a3,0.1,a3,0.1
a4,0.1,a4,0.1,a4,0.1,a4,0.1,a4,0.1,a4,0.1,a4,0.1,a4,0.1,a4,0.1,a4,0.1
a5,0.1,a5,0.1,a5,0.1,a5,0.1,a5,0.1,a5,0.1,a5,0.1,a5,0.1,a5,0.1,a5,0.1
a6,0.1,a6,0.1,a6,0.1,a6,0.1,a6,0.1,a6,0.1,a6,0.1,a6,0.1,a6,0.1,a6,0.1
a7,0.1,a7,0.1,a7,0.1,a7,0.1,a7,0.1,a7,0.1,a7,0.1,a7,0.1,a7,0.1,a7,0.1
a8,0.1,a8,0.1,a8,0.1,a8,0.1,a8,0.1,a8,0.1,a8,0.1,a8,0.1,a8,0.1,a8,0.1
a9,0.1,a9,0.1,a9,0.1,a9,0.1,a9,0.1,a9,0.1,a9,0.1,a9,0.1,a9,0.1,a9,0.1
a10,0.1,a10,0.1,a10,0.1,a10,0.1,a10,0.1,a10,0.1,a10,0.1,a10,0.1,a10,0.1,a10,0.1
end
*,   POPULATION:
GROUP,ID,L1,L2,L3,L4,L5,L6,L7,L8,L9,L10
pg1,up1,a7/a9,a3/a5,a7/a8,a8/a6,a2/a9,a2/a4,a1/a7,a7/a9,a2/a7,a8/a5
pg1,up2,a2/a2,a6/a5,a8/a2,a10/a2,a4/a4,a5/a3,a1/a10,a2/a7,a2/a5,a8/a3
g1,fs1,a9/a2,a5/a5,a7/a2,a8/a2,a2/a4,a4/a3,a1/a1,a9/a2,a7/a2,a5/a8
g1,fs2,a9/a2,a3/a6,a8/a2,a6/a10,a2/a4,a2/a3,a7/a1,a7/a7,a7/a2,a8/a3
g1,fs3,a7/a2,a3/a6,a8/a8,a6/a10,a9/a4,a2/a3,a7/a1,a9/a2,a7/a5,a5/a8
