*,This file was generated by KinGroup using MENU | POPULATION | GENERATE MENDELLIAN,,,,,,,,,,,,,,,,,,
*, ,,,,,,,,,,,,,,,,,,
*, ALLELE FREQUENCIES,,,,,,,,,,,,,,,,,,
L1,Freq,L2,Freq,L3,Freq,L4,Freq,L5,Freq,L6,Freq,L7,Freq,L8,Freq,L9,Freq,L10,Freq
a1,0.1,a1,0.1,a1,0.1,a1,0.1,a1,0.1,a1,0.1,a1,0.1,a1,0.1,a1,0.1,a1,0.1
a2,0.1,a2,0.1,a2,0.1,a2,0.1,a2,0.1,a2,0.1,a2,0.1,a2,0.1,a2,0.1,a2,0.1
a3,0.1,a3,0.1,a3,0.1,a3,0.1,a3,0.1,a3,0.1,a3,0.1,a3,0.1,a3,0.1,a3,0.1
a4,0.1,a4,0.1,a4,0.1,a4,0.1,a4,0.1,a4,0.1,a4,0.1,a4,0.1,a4,0.1,a4,0.1
a5,0.1,a5,0.1,a5,0.1,a5,0.1,a5,0.1,a5,0.1,a5,0.1,a5,0.1,a5,0.1,a5,0.1
a6,0.1,a6,0.1,a6,0.1,a6,0.1,a6,0.1,a6,0.1,a6,0.1,a6,0.1,a6,0.1,a6,0.1
a7,0.1,a7,0.1,a7,0.1,a7,0.1,a7,0.1,a7,0.1,a7,0.1,a7,0.1,a7,0.1,a7,0.1
a8,0.1,a8,0.1,a8,0.1,a8,0.1,a8,0.1,a8,0.1,a8,0.1,a8,0.1,a8,0.1,a8,0.1
a9,0.1,a9,0.1,a9,0.1,a9,0.1,a9,0.1,a9,0.1,a9,0.1,a9,0.1,a9,0.1,a9,0.1
a10,0.1,a10,0.1,a10,0.1,a10,0.1,a10,0.1,a10,0.1,a10,0.1,a10,0.1,a10,0.1,a10,0.1
end,,,,,,,,,,,,,,,,,,,
*,   POPULATION: Randomely generated family of two parents and their three offsprings,,,,,,,,,,,,,,,,,,
*,pg - parental group,,,,,,,,,,
*,,"up1, up2 - unrelated parent 1 and 2",,,,,,,,,
*,g1 - group 1,,,,,,,,,,
*,,"fs1,fs2, fs3 - full sibling 1,2,3 from parents up1 and up2",,,,,,,,,
GROUP,ID,L1,L2,L3,L4,L5,L6,L7,L8,L9,L10
pg1,up1,a7/a9,a3/a5,a7/a8,a8/a6,a2/a9,a2/a4,a1/a7,a7/a9,a2/a7,a8/a5
pg1,up2,a2/a2,a6/a5,a8/a2,a10/a2,a4/a4,a5/a3,a1/a10,a2/a7,a2/a5,a8/a3
g1,fs1,a9/a2,a5/a5,a7/a2,a8/a2,a2/a4,a4/a3,a1/a1,a9/a2,a7/a2,a5/a8
g1,fs2,a9/a2,a3/a6,a8/a2,a6/a10,a2/a4,a2/a3,a7/a1,a7/a7,a7/a2,a8/a3
g1,fs3,a7/a2,a3/a6,a8/a8,a6/a10,a9/a4,a2/a3,a7/a1,a9/a2,a7/a5,a5/a8
